
--
-- Volcado de datos para la tabla `devoluciones`
--

INSERT INTO `devoluciones` (`id_devolucion`, `id_prestamo`, `fecha_devolucion`, `estado_libro`, `created_at`, `updated_at`) VALUES
(11, 9, '2025-05-20', 'A tiempo', '2025-05-20 08:50:07', '2025-05-20 08:50:07'),
(12, 7, '2025-05-20', 'A tiempo', '2025-05-20 08:51:58', '2025-05-20 08:51:58'),
(13, 8, '2025-05-20', 'A tiempo', '2025-05-20 08:54:59', '2025-05-20 08:54:59'),
(14, 10, '2025-05-20', 'A tiempo', '2025-05-20 21:23:27', '2025-05-20 21:23:27'),
(15, 10, '2025-05-20', 'A tiempo', '2025-05-20 21:23:27', '2025-05-20 21:23:27'),
(16, 12, '2025-05-20', 'A tiempo', '2025-05-20 21:23:28', '2025-05-20 21:23:28'),
(17, 13, '2025-05-22', 'A tiempo', '2025-05-22 07:29:44', '2025-05-22 07:29:44'),
(18, 14, '2025-05-22', 'A tiempo', '2025-05-22 07:29:44', '2025-05-22 07:29:44'),
(19, 15, '2025-05-22', 'A tiempo', '2025-05-22 07:29:45', '2025-05-22 07:29:45'),
(20, 16, '2025-05-22', 'A tiempo', '2025-05-22 07:29:46', '2025-05-22 07:29:46'),
(21, 17, '2025-05-22', 'A tiempo', '2025-05-22 07:29:47', '2025-05-22 07:29:47'),
(22, 18, '2025-05-22', 'A tiempo', '2025-05-22 07:29:49', '2025-05-22 07:29:49'),
(23, 19, '2025-05-22', 'A tiempo', '2025-05-22 07:29:50', '2025-05-22 07:29:50'),
(24, 20, '2025-05-22', 'A tiempo', '2025-05-22 09:34:25', '2025-05-22 09:34:25'),
(26, 21, '2025-05-22', 'A tiempo', '2025-05-22 09:53:01', '2025-05-22 09:53:01'),
(27, 21, '2025-05-22', 'A tiempo', '2025-05-22 09:53:01', '2025-05-22 09:53:01'),
(28, 21, '2025-05-22', 'A tiempo', '2025-05-22 09:53:01', '2025-05-22 09:53:01'),
(29, 21, '2025-05-22', 'A tiempo', '2025-05-22 09:53:01', '2025-05-22 09:53:01'),
(30, 23, '2025-05-22', 'A tiempo', '2025-05-22 09:53:02', '2025-05-22 09:53:02'),
(31, 23, '2025-05-22', 'A tiempo', '2025-05-22 09:53:02', '2025-05-22 09:53:02'),
(32, 23, '2025-05-22', 'A tiempo', '2025-05-22 09:53:02', '2025-05-22 09:53:02'),
(33, 23, '2025-05-22', 'A tiempo', '2025-05-22 09:53:03', '2025-05-22 09:53:03'),
(34, 23, '2025-05-22', 'A tiempo', '2025-05-22 09:53:03', '2025-05-22 09:53:03'),
(35, 23, '2025-05-22', 'A tiempo', '2025-05-22 09:53:03', '2025-05-22 09:53:03'),
(36, 23, '2025-05-22', 'A tiempo', '2025-05-22 09:53:03', '2025-05-22 09:53:03'),
(37, 23, '2025-05-22', 'A tiempo', '2025-05-22 09:53:04', '2025-05-22 09:53:04'),
(38, 23, '2025-05-22', 'A tiempo', '2025-05-22 09:53:04', '2025-05-22 09:53:04'),
(39, 24, '2025-05-22', 'A tiempo', '2025-05-22 09:53:04', '2025-05-22 09:53:04'),
(40, 26, '2025-05-22', 'A tiempo', '2025-05-22 09:53:42', '2025-05-22 09:53:42'),
(45, 34, '2025-06-16', 'A tiempo', '2025-06-16 16:44:05', '2025-06-16 16:44:05'),
(46, 37, '2025-06-16', 'A tiempo', '2025-06-16 16:45:18', '2025-06-16 16:45:18'),
(47, 35, '2025-06-16', 'A tiempo', '2025-06-16 17:10:35', '2025-06-16 17:10:35'),
(48, 36, '2025-06-16', 'A tiempo', '2025-06-16 17:10:45', '2025-06-16 17:10:45'),
(49, 38, '2025-06-16', 'A tiempo', '2025-06-16 17:10:48', '2025-06-16 17:10:48'),
(50, 27, '2025-06-16', 'Tarde', '2025-06-16 17:26:27', '2025-06-16 17:26:27'),
(51, 40, '2025-06-16', 'A tiempo', '2025-06-16 17:26:29', '2025-06-16 17:26:29'),
(52, 41, '2025-06-17', 'A tiempo', '2025-06-17 21:41:24', '2025-06-17 21:41:24'),
(54, 305, '2025-06-17', 'A tiempo', '2025-06-17 22:30:17', '2025-06-17 22:30:17'),
(55, 307, '2025-06-17', 'A tiempo', '2025-06-17 22:35:36', '2025-06-17 22:35:36'),
(56, 310, '2025-06-17', 'A tiempo', '2025-06-17 22:45:36', '2025-06-17 22:45:36'),
(57, 313, '2025-06-20', 'A tiempo', '2025-06-21 04:08:31', '2025-06-21 04:08:31');

--
-- Volcado de datos para la tabla `libro`
--

INSERT INTO `libro` (`id_libro`, `codigo`, `titulo`, `autor`, `editorial`, `anio_publicacion`, `categoria_id`, `cantidad`, `disponibles`, `portada`, `estado`) VALUES
(9, '0004', 'Cien años de soledad', 'Pepito el grillo', 'Reynal & Hitchcock (EUA) Éditions Gallimard (Francia)a', '2001', 12, 12, 12, 'storage/img/portadas/portada_68296420ed708.jpeg', 'disponible'),
(10, '0003', 'Hola Mundo', 'Juan Good', 'La Odisea', '2025', 12, 22, 21, 'storage/img/portadas/portada_682964f6a1cf8.jpg', 'disponible'),
(11, '0005', 'adsada', 'Juanito', 'Editorial Sudamericana', '2000', 1, 124, 122, 'storage/img/portadas/portada_682bf2ecc55a1.webp', 'disponible'),
(12, '0002', 'El libro Troll', 'El Rubius', 'nosexd', '2014', 12, 22, 22, 'storage/img/portadas/portada_682c02e602be0.jpg', 'disponible'),
(14, '0001', 'La cenicienta', 'ni idea', 'pos a saber', '2000', 1, 5, 4, 'storage/img/portadas/portada_682c08c016da6.jpeg', 'disponible'),
(17, '0007', 'La vuelta al mundo en 80 dias', 'Julio Verne', 'RBA', '1973', 1, 5, 0, 'storage/img/portadas/portada_682ea8f8aecef.jpeg', 'disponible'),
(19, '0008', 'Los pies', 'xD', 'Frances', '1902', 13, 20, 20, 'storage/img/portadas/portada_6855df2e31309.png', 'disponible');

--
-- Volcado de datos para la tabla `prestamo`
--

INSERT INTO `prestamo` (`id_prestamo`, `id_libro`, `id_usuario`, `fecha_prestamo`, `fecha_devolucion`, `fecha_entrega_real`, `estado`, `observaciones`, `devuelto`) VALUES
(6, 10, 12, '2025-03-19', '2025-03-20', NULL, '', NULL, 0),
(7, 9, 12, '2025-05-19', '2025-06-19', '2025-05-20', 'entregado', NULL, 0),
(8, 9, 12, '2025-05-19', '2025-05-30', '2025-05-20', 'entregado', NULL, 0),
(9, 10, 12, '2025-05-19', '2025-05-31', '2025-05-20', 'entregado', NULL, 0),
(10, 10, 12, '2025-05-19', '2025-06-07', '2025-05-20', 'entregado', NULL, 0),
(11, 11, 12, '2025-05-20', '2025-06-07', NULL, 'denegado', NULL, 0),
(12, 10, 12, '2025-05-20', '2025-07-18', '2025-05-20', 'entregado', NULL, 0),
(13, 12, 12, '2025-05-20', '2025-06-06', '2025-05-22', 'entregado', NULL, 0),
(14, 11, 12, '2025-05-20', '2025-06-07', '2025-05-22', 'entregado', NULL, 0),
(15, 12, 12, '2025-05-21', '2025-05-23', '2025-05-22', 'entregado', NULL, 0),
(16, 11, 12, '2025-05-21', '2025-05-23', '2025-05-22', 'entregado', NULL, 0),
(17, 9, 12, '2025-05-21', '2025-05-30', '2025-05-22', 'entregado', NULL, 0),
(18, 12, 12, '2025-05-21', '2025-05-30', '2025-05-22', 'entregado', NULL, 0),
(19, 12, 12, '2025-05-22', '2025-06-07', '2025-05-22', 'entregado', NULL, 0),
(20, 9, 15, '2025-05-22', '2025-05-24', '2025-05-22', 'entregado', NULL, 0),
(21, 14, 12, '2025-05-22', '2025-05-31', '2025-05-22', 'entregado', NULL, 0),
(23, 10, 13, '2025-05-22', '2025-05-23', '2025-05-22', 'entregado', NULL, 0),
(24, 9, 12, '2025-05-22', '2025-06-07', '2025-05-22', 'entregado', NULL, 0),
(25, 9, 13, '2025-05-22', '2025-05-25', NULL, 'denegado', NULL, 0),
(26, 9, 12, '2025-05-22', '2025-05-31', '2025-05-22', 'entregado', NULL, 0),
(27, 12, 13, '2025-05-22', '2025-05-31', '2025-06-16', 'devuelto', NULL, 0),
(34, 11, 12, '2025-06-16', '2025-06-19', '2025-06-16', 'devuelto', NULL, 0),
(35, 12, 12, '2025-06-16', '2025-06-21', '2025-06-16', 'devuelto', NULL, 0),
(36, 12, 12, '2025-06-16', '2025-06-19', '2025-06-16', 'devuelto', NULL, 0),
(37, 10, 12, '2025-06-16', '2025-06-19', '2025-06-16', 'devuelto', NULL, 0),
(38, 10, 12, '2025-06-16', '2025-06-19', '2025-06-16', 'devuelto', NULL, 0),
(39, 9, 12, '2025-06-16', '2025-06-21', NULL, 'denegado', 'Muchas solicitudes', 0),
(40, 12, 12, '2025-06-16', '2025-06-20', '2025-06-16', 'devuelto', NULL, 0),
(41, 14, 12, '2025-06-16', '2025-06-21', '2025-06-17', 'devuelto', NULL, 0),
(42, 12, 12, '2025-06-16', '2025-06-20', NULL, 'denegado', 'No atendemos hoy', 0),
(305, 9, 12, '2025-06-17', '2025-06-21', '2025-06-17', 'devuelto', NULL, 0),
(307, 14, 12, '2025-06-17', '2025-06-20', '2025-06-17', 'devuelto', NULL, 0),
(308, 14, 221, '2025-06-17', '2025-06-22', NULL, 'denegado', 'Estas sancionado', 0),
(309, 12, 221, '2025-06-17', '2025-06-22', NULL, 'denegado', 'Tienes 2 libors iguales', 0),
(310, 12, 221, '2025-06-17', '2025-06-20', '2025-06-17', 'devuelto', NULL, 0),
(313, 14, 223, '2025-06-20', '2025-06-25', '2025-06-20', 'devuelto', NULL, 0),
(314, 14, 223, '2025-06-20', '2025-06-25', NULL, 'denegado', 'Usuario Nuevo o muchos registros', 0),
(315, 14, 223, '2025-06-20', '2025-06-25', NULL, 'activo', NULL, 0);

--
-- Volcado de datos para la tabla `sanciones`
--

INSERT INTO `sanciones` (`id_sancion`, `id_usuario`, `dias_bloqueo`, `fecha_inicio`, `fecha_fin`, `tipo`, `estado`, `observaciones`, `created_at`, `updated_at`) VALUES
(1, 13, 60, '2025-06-16', '2025-08-15', 'retraso', 'activa', 'Sanción por retraso en la devolución de libro  (17 dias) te pasas felix', '2025-06-16 16:19:01', '2025-06-16 16:19:01'),
(5, 221, 15, '2025-06-17', '2025-07-02', 'daño', 'activa', 'Sanción por daño causado al libro', '2025-06-17 22:46:40', '2025-06-17 22:46:40'),
(6, 223, 7, '2025-06-20', '2025-06-20', 'retraso', 'completada', 'Sanción por retraso en la devolución de libro', '2025-06-21 04:08:14', '2025-06-21 04:08:42');

--
-- Volcado de datos para la tabla `sessions`
--

INSERT INTO `sessions` (`id`, `user_id`, `ip_address`, `user_agent`, `payload`, `last_activity`) VALUES
('DD9AVByjUeG9vB3z8Uwo2BXAnD64b1glm86yfRQt', NULL, '127.0.0.1', 'Mozilla/5.0 (Windows NT 10.0; Win64; x64) AppleWebKit/537.36 (KHTML, like Gecko) Chrome/137.0.0.0 Safari/537.36', 'YTo1OntzOjY6Il9mbGFzaCI7YToyOntzOjM6Im5ldyI7YTowOnt9czozOiJvbGQiO2E6MDp7fX1zOjY6Il90b2tlbiI7czo0MDoiZUkwbjBxbVg4QTJmM2U4bE5oRzBFVEFoaWZWT29RaEd1UW5hUHRGbiI7czo5OiJfcHJldmlvdXMiO2E6MTp7czozOiJ1cmwiO3M6MTc0OiJodHRwOi8vMTI3LjAuMC4xOjgwMDAvdXN1YXJpby9oaXN0b3JpYWw/YnVzY2FyPSZlc3RhZG8lNUIwJTVEPWVuX3ByZXN0YW1vJmVzdGFkbyU1QjElNUQ9ZGV2dWVsdG8mZXN0YWRvJTVCMiU1RD1yZXRyYXNhZG8mZXN0YWRvJTVCMyU1RD1wZW5kaWVudGUmZXN0YWRvJTVCNCU1RD1kZW5lZ2FkbyZyYW5nbz0iO31zOjEwOiJ1c3VhcmlvX2lkIjtpOjEyO3M6MTQ6InVzdWFyaW9fbm9tYnJlIjtzOjEwOiJKdWFuIEFuZ2VsIjt9', 1750742849),
('HHPEFaEka5WYAjl0J5yW1kCyvq5uk1NPoJMxqiZg', NULL, '127.0.0.1', 'Mozilla/5.0 (Windows NT 10.0; Win64; x64) AppleWebKit/537.36 (KHTML, like Gecko) Chrome/137.0.0.0 Safari/537.36', 'YTo1OntzOjY6Il9mbGFzaCI7YToyOntzOjM6Im5ldyI7YTowOnt9czozOiJvbGQiO2E6MDp7fX1zOjY6Il90b2tlbiI7czo0MDoiSjRmRlZDQ2xnZFJXZE85YVlPYVY3eGIzazRXUFk1WWQxMVpneGpISiI7czo5OiJfcHJldmlvdXMiO2E6MTp7czozOiJ1cmwiO3M6MzQ6Imh0dHA6Ly8xMjcuMC4wLjE6ODAwMC9hZG1pbi9saWJyb3MiO31zOjEwOiJ1c3VhcmlvX2lkIjtpOjEyO3M6MTQ6InVzdWFyaW9fbm9tYnJlIjtzOjEwOiJKdWFuIEFuZ2VsIjt9', 1750458183),
('pJ7vCvVHajfqOJowLLeFMG34wgNzzKUMLoTkTZrh', NULL, '127.0.0.1', 'Mozilla/5.0 (Windows NT 10.0; Win64; x64) AppleWebKit/537.36 (KHTML, like Gecko) Chrome/137.0.0.0 Safari/537.36', 'YTo1OntzOjY6Il9mbGFzaCI7YToyOntzOjM6Im5ldyI7YTowOnt9czozOiJvbGQiO2E6MDp7fX1zOjY6Il90b2tlbiI7czo0MDoieW5IdVRLVkg3ck5LZ0pTQm9HVVUwSFZhQUQ2UWliWU5xeHhkOFNTYyI7czo5OiJfcHJldmlvdXMiO2E6MTp7czozOiJ1cmwiO3M6NTQ6Imh0dHA6Ly8xMjcuMC4wLjE6ODAwMC9hZG1pbi9yZXBvcnRlcy9ncmFmaWNvP3RpcG89a3BpcyI7fXM6ODoiYWRtaW5faWQiO2k6MTtzOjEyOiJhZG1pbl9ub21icmUiO3M6MTM6IkFkbWluaXN0cmFkb3IiO30=', 1750458160);

--
-- Volcado de datos para la tabla `trabajadores`
--

INSERT INTO `trabajadores` (`id_trabajador`, `usuario`, `nombre`, `apellido`, `email`, `dni`, `telefono`, `direccion`, `password`, `created_at`, `updated_at`) VALUES
(6, 'admin@gmail.com', 'Juan Angel', 'Urcia Reyes', 'juanangelurreeee@gmail.com', '2930021', '954367002', 'Los rosales de San Luis, Manzana D, Lote 2, Víctor Larco Herrera,', '$2y$12$OuT47FLwoiBVjgVy5suQ4e2KUr4KY0LCUhx1fe25duP9HtbbZGMHy', '2025-05-20 04:15:44', '2025-05-20 04:15:44'),
(7, 'Blue', 'Sebas', 'Bayona', 'dblue0087@gmail.com', '60412951', '939661665', 'Micasa', '$2y$12$wCCaK.F2pGr.EnVWbzgrI.wkbjtEI7VBdgu5RO0JlIK.7MglnhtSS', '2025-05-22 09:33:47', '2025-05-22 09:33:47'),
(8, 'Felizzz', 'Felix', 'Diaz Bernabe', 'feliz@gmail.com', '60420417', '922309104', 'aloha 123', '$2y$12$WhDqW44E1z3aSmrsZCJyl.29v57AZJXuTUDStFXFVgkMbY1cPgKvO', '2025-05-22 09:34:59', '2025-05-22 09:34:59'),
(9, 'biblio', 'Juan Angel', 'Urcia Reyes', 'biblio@gmail.com', '71848413', '999999999', 'xd', '$2y$12$fBQQKkDVjssaTnWrI1mvDe4FrJYdeHh6HOxdnd13yo4e/iFTSvpfK', '2025-06-10 22:59:43', '2025-06-10 22:59:43'),
(11, 'Carla', 'Carla', 'Narro', 'biblioteca.trujillo@tecsup.edu.pe', '123456789', '12345678', 'xd', '$2y$12$KdICWv8gk4VHA/zqML2Nluk8ez3oxyXU4f17/A4xhPtL0lipnqcUG', NULL, NULL);

--
-- Volcado de datos para la tabla `usuario` (MODIFICADO con campos dni y codigo_estudiante como NULL)
--

INSERT INTO `usuario` (`id_usuario`, `nombre`, `apellido`, `dni`, `codigo_estudiante`, `email`, `password`, `fecha_registro`, `created_at`, `updated_at`) VALUES
(12, 'Juan Angel', 'Urcia Reyes', NULL, NULL, 'pepito@gmail.com', '$2y$12$YdGiciXALJglkZePTmFCNetFPz8R68akynwny583vaUhAEHCNBGwK', '2025-05-18', NULL, NULL),
(13, 'Felix', 'Diaz', NULL, NULL, 'felix@gmail.com', '$2y$12$ChJi8FElaOBGbV5ag4ZlJOJXM.61AlyNbG52ZrWJlCJVpnsiLeOpK', '2025-05-18', NULL, NULL),
(15, 'Prueba', 'Pruebaa', NULL, NULL, 'prueba@tecsup.edu.pe', '$2y$12$j77QXQgXh3mq/WF/0tBj8uAy7rKpNbfX8Cccfkx690GFUuYl64Cli', '2025-05-22', NULL, NULL),
(17, 'Sebas', 'Bayona', NULL, NULL, 'dblue0087@gmail.com', '$2y$12$pDOmKAVxheUrYFaab9ji2e9qev59iyXoNGD3AokqQk9.cwt3hP85G', '2025-05-22', NULL, NULL),
(20, 'Juan', 'Pérez', NULL, NULL, 'juan.perez@email.com', '$2y$10$92IXUNpkjO0rOQ5byMi.Ye4oKoEa3Ro9llC/.og/at2.uheWG/igi', '2024-01-15', NULL, NULL),
(21, 'María', 'González', NULL, NULL, 'maria.gonzalez@email.com', '$2y$10$92IXUNpkjO0rOQ5byMi.Ye4oKoEa3Ro9llC/.og/at2.uheWG/igi', '2024-01-22', NULL, NULL),
(22, 'Carlos', 'Rodríguez', NULL, NULL, 'carlos.rodriguez@email.com', '$2y$10$92IXUNpkjO0rOQ5byMi.Ye4oKoEa3Ro9llC/.og/at2.uheWG/igi', '2024-02-05', NULL, NULL),
(24, 'Luis', 'Martínez', NULL, NULL, 'luis.martinez@email.com', '$2y$10$92IXUNpkjO0rOQ5byMi.Ye4oKoEa3Ro9llC/.og/at2.uheWG/igi', '2024-02-28', NULL, NULL),
(25, 'Elena', 'García', NULL, NULL, 'elena.garcia@email.com', '$2y$10$92IXUNpkjO0rOQ5byMi.Ye4oKoEa3Ro9llC/.og/at2.uheWG/igi', '2024-03-10', NULL, NULL),
(26, 'Pedro', 'Sánchez', NULL, NULL, 'pedro.sanchez@email.com', '$2y$10$92IXUNpkjO0rOQ5byMi.Ye4oKoEa3Ro9llC/.og/at2.uheWG/igi', '2024-03-18', NULL, NULL),
(27, 'Laura', 'Díaz', NULL, NULL, 'laura.diaz@email.com', '$2y$10$92IXUNpkjO0rOQ5byMi.Ye4oKoEa3Ro9llC/.og/at2.uheWG/igi', '2024-03-25', NULL, NULL),
(28, 'Miguel', 'Torres', NULL, NULL, 'miguel.torres@email.com', '$2y$10$92IXUNpkjO0rOQ5byMi.Ye4oKoEa3Ro9llC/.og/at2.uheWG/igi', '2024-04-02', NULL, NULL),
(29, 'Carmen', 'Ruiz', NULL, NULL, 'carmen.ruiz@email.com', '$2y$10$92IXUNpkjO0rOQ5byMi.Ye4oKoEa3Ro9llC/.og/at2.uheWG/igi', '2024-04-15', NULL, NULL),
(30, 'Roberto', 'Jiménez', NULL, NULL, 'roberto.jimenez@email.com', '$2y$10$92IXUNpkjO0rOQ5byMi.Ye4oKoEa3Ro9llC/.og/at2.uheWG/igi', '2024-04-22', NULL, NULL),
(31, 'Sofia', 'Herrera', NULL, NULL, 'sofia.herrera@email.com', '$2y$10$92IXUNpkjO0rOQ5byMi.Ye4oKoEa3Ro9llC/.og/at2.uheWG/igi', '2024-05-08', NULL, NULL),
(32, 'Diego', 'Morales', NULL, NULL, 'diego.morales@email.com', '$2y$10$92IXUNpkjO0rOQ5byMi.Ye4oKoEa3Ro9llC/.og/at2.uheWG/igi', '2024-05-16', NULL, NULL),
(33, 'Lucía', 'Castro', NULL, NULL, 'lucia.castro@email.com', '$2y$10$92IXUNpkjO0rOQ5byMi.Ye4oKoEa3Ro9llC/.og/at2.uheWG/igi', '2024-05-24', NULL, NULL),
(34, 'Andrés', 'Vargas', NULL, NULL, 'andres.vargas@email.com', '$2y$10$92IXUNpkjO0rOQ5byMi.Ye4oKoEa3Ro9llC/.og/at2.uheWG/igi', '2024-06-03', NULL, NULL),
(35, 'Isabel', 'Mendoza', NULL, NULL, 'isabel.mendoza@email.com', '$2y$10$92IXUNpkjO0rOQ5byMi.Ye4oKoEa3Ro9llC/.og/at2.uheWG/igi', '2024-06-12', NULL, NULL),
(36, 'Javier', 'Ortega', NULL, NULL, 'javier.ortega@email.com', '$2y$10$92IXUNpkjO0rOQ5byMi.Ye4oKoEa3Ro9llC/.og/at2.uheWG/igi', '2024-07-05', NULL, NULL),
(37, 'Patricia', 'Silva', NULL, NULL, 'patricia.silva@email.com', '$2y$10$92IXUNpkjO0rOQ5byMi.Ye4oKoEa3Ro9llC/.og/at2.uheWG/igi', '2024-07-18', NULL, NULL),
(38, 'Fernando', 'Rojas', NULL, NULL, 'fernando.rojas@email.com', '$2y$10$92IXUNpkjO0rOQ5byMi.Ye4oKoEa3Ro9llC/.og/at2.uheWG/igi', '2024-08-02', NULL, NULL),
(39, 'Valeria', 'Guerrero', NULL, NULL, 'valeria.guerrero@email.com', '$2y$10$92IXUNpkjO0rOQ5byMi.Ye4oKoEa3Ro9llC/.og/at2.uheWG/igi', '2024-08-15', NULL, NULL),
(40, 'Raúl', 'Paredes', NULL, NULL, 'raul.paredes@email.com', '$2y$10$92IXUNpkjO0rOQ5byMi.Ye4oKoEa3Ro9llC/.og/at2.uheWG/igi', '2024-08-28', NULL, NULL),
(41, 'Mónica', 'Flores', NULL, NULL, 'monica.flores@email.com', '$2y$10$92IXUNpkjO0rOQ5byMi.Ye4oKoEa3Ro9llC/.og/at2.uheWG/igi', '2024-09-10', NULL, NULL),
(42, 'Cristian', 'Ramírez', NULL, NULL, 'cristian.ramirez@email.com', '$2y$10$92IXUNpkjO0rOQ5byMi.Ye4oKoEa3Ro9llC/.og/at2.uheWG/igi', '2024-09-22', NULL, NULL),
(43, 'Daniela', 'Aguilar', NULL, NULL, 'daniela.aguilar@email.com', '$2y$10$92IXUNpkjO0rOQ5byMi.Ye4oKoEa3Ro9llC/.og/at2.uheWG/igi', '2024-10-05', NULL, NULL),
(44, 'Gonzalo', 'Vega', NULL, NULL, 'gonzalo.vega@email.com', '$2y$10$92IXUNpkjO0rOQ5byMi.Ye4oKoEa3Ro9llC/.og/at2.uheWG/igi', '2024-10-18', NULL, NULL),
(45, 'Alejandra', 'Cruz', NULL, NULL, 'alejandra.cruz@email.com', '$2y$10$92IXUNpkjO0rOQ5byMi.Ye4oKoEa3Ro9llC/.og/at2.uheWG/igi', '2024-11-02', NULL, NULL),
(46, 'Ricardo', 'Peña', NULL, NULL, 'ricardo.pena@email.com', '$2y$10$92IXUNpkjO0rOQ5byMi.Ye4oKoEa3Ro9llC/.og/at2.uheWG/igi', '2024-11-15', NULL, NULL),
(47, 'Natalia', 'Campos', NULL, NULL, 'natalia.campos@email.com', '$2y$10$92IXUNpkjO0rOQ5byMi.Ye4oKoEa3Ro9llC/.og/at2.uheWG/igi', '2024-11-28', NULL, NULL),
(48, 'Sebastián', 'Miranda', NULL, NULL, 'sebastian.miranda@email.com', '$2y$10$92IXUNpkjO0rOQ5byMi.Ye4oKoEa3Ro9llC/.og/at2.uheWG/igi', '2024-12-08', NULL, NULL),
(49, 'Gabriela', 'Cordova', NULL, NULL, 'gabriela.cordova@email.com', '$2y$10$92IXUNpkjO0rOQ5byMi.Ye4oKoEa3Ro9llC/.og/at2.uheWG/igi', '2024-12-20', NULL, NULL),
(200, 'Eduardo', 'Navarro', NULL, NULL, 'eduardo.navarro@email.com', '$2y$10$92IXUNpkjO0rOQ5byMi.Ye4oKoEa3Ro9llC/.og/at2.uheWG/igi', '2024-01-08', NULL, NULL),
(201, 'Carla', 'Moreno', NULL, NULL, 'carla.moreno@email.com', '$2y$10$92IXUNpkjO0rOQ5byMi.Ye4oKoEa3Ro9llC/.og/at2.uheWG/igi', '2024-01-30', NULL, NULL),
(202, 'Sergio', 'Gutiérrez', NULL, NULL, 'sergio.gutierrez@email.com', '$2y$10$92IXUNpkjO0rOQ5byMi.Ye4oKoEa3Ro9llC/.og/at2.uheWG/igi', '2024-02-12', NULL, NULL),
(203, 'Beatriz', 'Ramos', NULL, NULL, 'beatriz.ramos@email.com', '$2y$10$92IXUNpkjO0rOQ5byMi.Ye4oKoEa3Ro9llC/.og/at2.uheWG/igi', '2024-03-05', NULL, NULL),
(204, 'Álvaro', 'Delgado', NULL, NULL, 'alvaro.delgado@email.com', '$2y$10$92IXUNpkjO0rOQ5byMi.Ye4oKoEa3Ro9llC/.og/at2.uheWG/igi', '2024-03-28', NULL, NULL),
(205, 'Rosa', 'León', NULL, NULL, 'rosa.leon@email.com', '$2y$10$92IXUNpkjO0rOQ5byMi.Ye4oKoEa3Ro9llC/.og/at2.uheWG/igi', '2024-04-10', NULL, NULL),
(206, 'Martín', 'Iglesias', NULL, NULL, 'martin.iglesias@email.com', '$2y$10$92IXUNpkjO0rOQ5byMi.Ye4oKoEa3Ro9llC/.og/at2.uheWG/igi', '2024-05-02', NULL, NULL),
(207, 'Claudia', 'Romero', NULL, NULL, 'claudia.romero@email.com', '$2y$10$92IXUNpkjO0rOQ5byMi.Ye4oKoEa3Ro9llC/.og/at2.uheWG/igi', '2024-05-30', NULL, NULL),
(208, 'Oscar', 'Muñoz', NULL, NULL, 'oscar.munoz@email.com', '$2y$10$92IXUNpkjO0rOQ5byMi.Ye4oKoEa3Ro9llC/.og/at2.uheWG/igi', '2024-06-18', NULL, NULL),
(209, 'Adriana', 'Alonso', NULL, NULL, 'adriana.alonso@email.com', '$2y$10$92IXUNpkjO0rOQ5byMi.Ye4oKoEa3Ro9llC/.og/at2.uheWG/igi', '2024-07-12', NULL, NULL),
(210, 'Emilio', 'Blanco', NULL, NULL, 'emilio.blanco@email.com', '$2y$10$92IXUNpkjO0rOQ5byMi.Ye4oKoEa3Ro9llC/.og/at2.uheWG/igi', '2024-08-08', NULL, NULL),
(211, 'Teresa', 'Santos', NULL, NULL, 'teresa.santos@email.com', '$2y$10$92IXUNpkjO0rOQ5byMi.Ye4oKoEa3Ro9llC/.og/at2.uheWG/igi', '2024-09-03', NULL, NULL),
(212, 'Rubén', 'Domínguez', NULL, NULL, 'ruben.dominguez@email.com', '$2y$10$92IXUNpkjO0rOQ5byMi.Ye4oKoEa3Ro9llC/.og/at2.uheWG/igi', '2024-09-25', NULL, NULL),
(213, 'Marta', 'Gil', NULL, NULL, 'marta.gil@email.com', '$2y$10$92IXUNpkjO0rOQ5byMi.Ye4oKoEa3Ro9llC/.og/at2.uheWG/igi', '2024-10-12', NULL, NULL),
(214, 'Antonio', 'Serrano', NULL, NULL, 'antonio.serrano@email.com', '$2y$10$92IXUNpkjO0rOQ5byMi.Ye4oKoEa3Ro9llC/.og/at2.uheWG/igi', '2024-11-08', NULL, NULL),
(215, 'Pilar', 'Vázquez', NULL, NULL, 'pilar.vazquez@email.com', '$2y$10$92IXUNpkjO0rOQ5byMi.Ye4oKoEa3Ro9llC/.og/at2.uheWG/igi', '2024-11-22', NULL, NULL),
(216, 'Iván', 'Cabrera', NULL, NULL, 'ivan.cabrera@email.com', '$2y$10$92IXUNpkjO0rOQ5byMi.Ye4oKoEa3Ro9llC/.og/at2.uheWG/igi', '2024-12-05', NULL, NULL),
(217, 'Silvia', 'Pascual', NULL, NULL, 'silvia.pascual@email.com', '$2y$10$92IXUNpkjO0rOQ5byMi.Ye4oKoEa3Ro9llC/.og/at2.uheWG/igi', '2024-12-18', NULL, NULL),
(218, 'Víctor', 'Medina', NULL, NULL, 'victor.medina@email.com', '$2y$10$92IXUNpkjO0rOQ5byMi.Ye4oKoEa3Ro9llC/.og/at2.uheWG/igi', '2024-01-12', NULL, NULL),
(219, 'Amparo', 'Cano', NULL, NULL, 'amparo.cano@email.com', '$2y$10$92IXUNpkjO0rOQ5byMi.Ye4oKoEa3Ro9llC/.og/at2.uheWG/igi', '2024-02-20', NULL, NULL),
(220, 'Joaquín', 'Prieto', NULL, NULL, 'joaquin.prieto@email.com', '$2y$10$92IXUNpkjO0rOQ5byMi.Ye4oKoEa3Ro9llC/.og/at2.uheWG/igi', '2024-03-15', NULL, NULL),
(221, 'Sebastian', 'Sandalia', NULL, NULL, 'bayona2@gmail.com', '$2y$12$hZM9k5KCQtAiyfoB5ipNz.WOgHUQXDoQShoR5vEDyG9I6t9ZskyVq', '2025-06-17', NULL, NULL),
(223, 'Carla', 'Narro', NULL, NULL, 'carla.narro@tecsup.edu.pe', '$2y$12$Ea8vpZzpW/hb4OUoItYdNO6BJamHdaVYwAZ0/T8K3YgXnYh7m1wyG', '2025-06-20', NULL, NULL);

COMMIT;

/*!40101 SET CHARACTER_SET_CLIENT=@OLD_CHARACTER_SET_CLIENT */;
/*!40101 SET CHARACTER_SET_RESULTS=@OLD_CHARACTER_SET_RESULTS */;
/*!40101 SET COLLATION_CONNECTION=@OLD_COLLATION_CONNECTION */;
