--
-- Volcado de datos para la tabla `devoluciones`
--

INSERT INTO `devoluciones` (`id_devolucion`, `id_prestamo`, `fecha_devolucion`, `estado_libro`, `created_at`, `updated_at`) VALUES
(11, 9, '2025-05-20', 'A tiempo', '2025-05-20 08:50:07', '2025-05-20 08:50:07'),
(12, 7, '2025-05-20', 'A tiempo', '2025-05-20 08:51:58', '2025-05-20 08:51:58'),
(13, 8, '2025-05-20', 'A tiempo', '2025-05-20 08:54:59', '2025-05-20 08:54:59'),
(14, 10, '2025-05-20', 'A tiempo', '2025-05-20 21:23:27', '2025-05-20 21:23:27'),
(16, 12, '2025-05-20', 'A tiempo', '2025-05-20 21:23:28', '2025-05-20 21:23:28'),
(17, 13, '2025-05-22', 'A tiempo', '2025-05-22 07:29:44', '2025-05-22 07:29:44'),
(18, 14, '2025-05-22', 'A tiempo', '2025-05-22 07:29:44', '2025-05-22 07:29:44'),
(19, 15, '2025-05-22', 'A tiempo', '2025-05-22 07:29:45', '2025-05-22 07:29:45'),
(20, 16, '2025-05-22', 'A tiempo', '2025-05-22 07:29:46', '2025-05-22 07:29:46'),
(21, 17, '2025-05-22', 'A tiempo', '2025-05-22 07:29:47', '2025-05-22 07:29:47'),
(22, 18, '2025-05-22', 'A tiempo', '2025-05-22 07:29:49', '2025-05-22 07:29:49'),
(23, 19, '2025-05-22', 'A tiempo', '2025-05-22 07:29:50', '2025-05-22 07:29:50'),
(24, 20, '2025-05-22', 'A tiempo', '2025-05-22 09:34:25', '2025-05-22 09:34:25'),
(26, 21, '2025-05-22', 'A tiempo', '2025-05-22 09:53:01', '2025-05-22 09:53:01'),
(30, 23, '2025-05-22', 'A tiempo', '2025-05-22 09:53:02', '2025-05-22 09:53:02'),
(39, 24, '2025-05-22', 'A tiempo', '2025-05-22 09:53:04', '2025-05-22 09:53:04'),
(40, 26, '2025-05-22', 'A tiempo', '2025-05-22 09:53:42', '2025-05-22 09:53:42'),
(45, 34, '2025-06-16', 'A tiempo', '2025-06-16 16:44:05', '2025-06-16 16:44:05'),
(46, 37, '2025-06-16', 'A tiempo', '2025-06-16 16:45:18', '2025-06-16 16:45:18'),
(47, 35, '2025-06-16', 'A tiempo', '2025-06-16 17:10:35', '2025-06-16 17:10:35'),
(48, 36, '2025-06-16', 'A tiempo', '2025-06-16 17:10:45', '2025-06-16 17:10:45'),
(49, 38, '2025-06-16', 'A tiempo', '2025-06-16 17:10:48', '2025-06-16 17:10:48'),
(50, 27, '2025-06-16', 'Tarde', '2025-06-16 17:26:27', '2025-06-16 17:26:27'),
(51, 40, '2025-06-16', 'A tiempo', '2025-06-16 17:26:29', '2025-06-16 17:26:29'),
(52, 41, '2025-06-17', 'A tiempo', '2025-06-17 21:41:24', '2025-06-17 21:41:24'),
(54, 305, '2025-06-17', 'A tiempo', '2025-06-17 22:30:17', '2025-06-17 22:30:17'),
(55, 307, '2025-06-17', 'A tiempo', '2025-06-17 22:35:36', '2025-06-17 22:35:36'),
(56, 310, '2025-06-17', 'A tiempo', '2025-06-17 22:45:36', '2025-06-17 22:45:36'),
(57, 313, '2025-06-20', 'A tiempo', '2025-06-21 04:08:31', '2025-06-21 04:08:31');

--
-- Volcado de datos para la tabla `libros`
--

INSERT INTO `libros` (`id_libro`, `titulo`, `autor`, `isbn`, `anio_publicacion`, `id_categoria`, `ejemplares_disponibles`, `ejemplares_totales`, `created_at`, `updated_at`) VALUES
(1, 'El principito', 'Antoine de Saint-Exupéry', '978-84-376-0494-7', 1943, 1, 4, 5, '2025-05-17 22:13:27', '2025-06-21 04:08:31'),
(2, 'Cien años de soledad', 'Gabriel García Márquez', '978-84-376-0495-8', 1967, 1, 3, 3, '2025-05-17 22:13:27', '2025-05-17 22:13:27'),
(3, 'Don Quijote de la Mancha', 'Miguel de Cervantes', '978-84-376-0496-9', 1605, 1, 2, 2, '2025-05-17 22:13:27', '2025-05-17 22:13:27'),
(4, 'El nombre de la rosa', 'Umberto Eco', '978-84-376-0497-0', 1980, 1, 1, 1, '2025-05-17 22:13:27', '2025-05-17 22:13:27'),
(5, 'La casa de los espíritus', 'Isabel Allende', '978-84-376-0498-1', 1982, 1, 2, 2, '2025-05-17 22:13:27', '2025-05-17 22:13:27'),
(6, 'Introducción a los algoritmos', 'Thomas H. Cormen', '978-84-376-0499-2', 2009, 2, 3, 3, '2025-05-17 22:13:27', '2025-05-17 22:13:27'),
(7, 'Estructuras de datos en Java', 'Mark Allen Weiss', '978-84-376-0500-5', 2012, 2, 2, 2, '2025-05-17 22:13:27', '2025-05-17 22:13:27'),
(8, 'Programación en C++', 'Bjarne Stroustrup', '978-84-376-0501-6', 2013, 2, 4, 4, '2025-05-17 22:13:27', '2025-05-17 22:13:27'),
(9, 'Base de datos: conceptos fundamentales', 'Abraham Silberschatz', '978-84-376-0502-7', 2011, 2, 1, 1, '2025-05-17 22:13:27', '2025-05-17 22:13:27'),
(10, 'Redes de computadoras', 'Andrew S. Tanenbaum', '978-84-376-0503-8', 2010, 2, 3, 3, '2025-05-17 22:13:27', '2025-05-17 22:13:27'),
(11, 'Cálculo de una variable', 'James Stewart', '978-84-376-0504-9', 2015, 3, 5, 5, '2025-05-17 22:13:27', '2025-05-17 22:13:27'),
(12, 'Álgebra lineal', 'David C. Lay', '978-84-376-0505-0', 2014, 3, 4, 4, '2025-05-17 22:13:27', '2025-05-17 22:13:27'),
(13, 'Estadística aplicada', 'Douglas C. Montgomery', '978-84-376-0506-1', 2016, 3, 3, 3, '2025-05-17 22:13:27', '2025-05-17 22:13:27'),
(14, 'Física universitaria', 'Hugh D. Young', '978-84-376-0507-2', 2017, 4, 6, 6, '2025-05-17 22:13:27', '2025-05-17 22:13:27'),
(15, 'Química general', 'Raymond Chang', '978-84-376-0508-3', 2018, 4, 4, 4, '2025-05-17 22:13:27', '2025-05-17 22:13:27');

--
-- Volcado de datos para la tabla `prestamos`
--

INSERT INTO `prestamos` (`id_prestamo`, `id_usuario`, `id_libro`, `fecha_prestamo`, `fecha_limite`, `estado`, `created_at`, `updated_at`) VALUES
(7, 1, 1, '2025-05-20', '2025-05-27', 'devuelto', '2025-05-20 08:51:51', '2025-05-20 08:51:58'),
(8, 2, 2, '2025-05-20', '2025-05-27', 'devuelto', '2025-05-20 08:52:04', '2025-05-20 08:54:59'),
(9, 3, 3, '2025-05-20', '2025-05-27', 'devuelto', '2025-05-20 08:52:12', '2025-05-20 08:50:07'),
(10, 1, 2, '2025-05-20', '2025-05-27', 'devuelto', '2025-05-20 21:23:21', '2025-05-20 21:23:27'),
(12, 2, 3, '2025-05-20', '2025-05-27', 'devuelto', '2025-05-20 21:23:22', '2025-05-20 21:23:28'),
(13, 1, 4, '2025-05-22', '2025-05-29', 'devuelto', '2025-05-22 07:29:38', '2025-05-22 07:29:44'),
(14, 2, 5, '2025-05-22', '2025-05-29', 'devuelto', '2025-05-22 07:29:39', '2025-05-22 07:29:44'),
(15, 3, 6, '2025-05-22', '2025-05-29', 'devuelto', '2025-05-22 07:29:40', '2025-05-22 07:29:45'),
(16, 4, 7, '2025-05-22', '2025-05-29', 'devuelto', '2025-05-22 07:29:41', '2025-05-22 07:29:46'),
(17, 5, 8, '2025-05-22', '2025-05-29', 'devuelto', '2025-05-22 07:29:42', '2025-05-22 07:29:47'),
(18, 6, 9, '2025-05-22', '2025-05-29', 'devuelto', '2025-05-22 07:29:43', '2025-05-22 07:29:49'),
(19, 7, 10, '2025-05-22', '2025-05-29', 'devuelto', '2025-05-22 07:29:44', '2025-05-22 07:29:50'),
(20, 8, 11, '2025-05-22', '2025-05-29', 'devuelto', '2025-05-22 09:34:19', '2025-05-22 09:34:25'),
(21, 9, 12, '2025-05-22', '2025-05-29', 'devuelto', '2025-05-22 09:52:56', '2025-05-22 09:53:01'),
(23, 10, 13, '2025-05-22', '2025-05-29', 'devuelto', '2025-05-22 09:52:57', '2025-05-22 09:53:02'),
(24, 11, 14, '2025-05-22', '2025-05-29', 'devuelto', '2025-05-22 09:52:58', '2025-05-22 09:53:04'),
(26, 12, 15, '2025-05-22', '2025-05-29', 'devuelto', '2025-05-22 09:53:36', '2025-05-22 09:53:42'),
(27, 13, 1, '2025-05-22', '2025-05-29', 'devuelto', '2025-05-22 09:53:37', '2025-06-16 17:26:27'),
(34, 13, 2, '2025-06-16', '2025-06-23', 'devuelto', '2025-06-16 16:43:58', '2025-06-16 16:44:05'),
(35, 13, 3, '2025-06-16', '2025-06-23', 'devuelto', '2025-06-16 16:44:13', '2025-06-16 17:10:35'),
(36, 13, 4, '2025-06-16', '2025-06-23', 'devuelto', '2025-06-16 16:44:14', '2025-06-16 17:10:45'),
(37, 13, 5, '2025-06-16', '2025-06-23', 'devuelto', '2025-06-16 16:44:15', '2025-06-16 16:45:18'),
(38, 13, 6, '2025-06-16', '2025-06-23', 'devuelto', '2025-06-16 16:44:16', '2025-06-16 17:10:48'),
(40, 13, 7, '2025-06-16', '2025-06-23', 'devuelto', '2025-06-16 17:26:24', '2025-06-16 17:26:29'),
(41, 13, 8, '2025-06-17', '2025-06-24', 'devuelto', '2025-06-17 21:41:19', '2025-06-17 21:41:24'),
(305, 1, 1, '2025-06-17', '2025-06-24', 'devuelto', '2025-06-17 22:30:12', '2025-06-17 22:30:17'),
(307, 1, 2, '2025-06-17', '2025-06-24', 'devuelto', '2025-06-17 22:35:31', '2025-06-17 22:35:36'),
(310, 1, 3, '2025-06-17', '2025-06-24', 'devuelto', '2025-06-17 22:45:31', '2025-06-17 22:45:36'),
(313, 1, 1, '2025-06-20', '2025-06-27', 'devuelto', '2025-06-21 04:08:26', '2025-06-21 04:08:31');

--
-- Volcado de datos para la tabla `sanciones`
--

INSERT INTO `sanciones` (`id_sancion`, `id_usuario`, `fecha_inicio`, `fecha_fin`, `motivo`, `estado`, `created_at`, `updated_at`) VALUES
(1, 13, '2025-06-16', '2025-06-19', 'Entrega tardía de libro', 'activa', '2025-06-16 17:26:27', '2025-06-16 17:26:27');

--
-- Volcado de datos para la tabla `usuarios`
--

INSERT INTO `usuarios` (`id_usuario`, `nombre`, `apellido`, `email`, `password`, `telefono`, `direccion`, `dni`, `codigo_estudiante`, `created_at`, `updated_at`) VALUES
(1, 'Juan', 'Pérez', 'juan.perez@tecsup.edu.pe', '$2y$12$92IXUNpkjO0rOQ5byMi.Ye4oKoEa3Ro9llC/.og/at2.uheWG/igi', '123456789', 'Av. Principal 123', NULL, NULL, '2025-05-17 22:13:27', '2025-05-17 22:13:27'),
(2, 'María', 'García', 'maria.garcia@tecsup.edu.pe', '$2y$12$92IXUNpkjO0rOQ5byMi.Ye4oKoEa3Ro9llC/.og/at2.uheWG/igi', '987654321', 'Jr. Secundario 456', NULL, NULL, '2025-05-17 22:13:27', '2025-05-17 22:13:27'),
(3, 'Carlos', 'López', 'carlos.lopez@tecsup.edu.pe', '$2y$12$92IXUNpkjO0rOQ5byMi.Ye4oKoEa3Ro9llC/.og/at2.uheWG/igi', '555123456', 'Calle Tercera 789', NULL, NULL, '2025-05-17 22:13:27', '2025-05-17 22:13:27'),
(4, 'Ana', 'Martínez', 'ana.martinez@tecsup.edu.pe', '$2y$12$92IXUNpkjO0rOQ5byMi.Ye4oKoEa3Ro9llC/.og/at2.uheWG/igi', '111222333', 'Av. Cuarta 101', NULL, NULL, '2025-05-17 22:13:27', '2025-05-17 22:13:27'),
(5, 'Luis', 'Rodríguez', 'luis.rodriguez@tecsup.edu.pe', '$2y$12$92IXUNpkjO0rOQ5byMi.Ye4oKoEa3Ro9llC/.og/at2.uheWG/igi', '444555666', 'Jr. Quinta 202', NULL, NULL, '2025-05-17 22:13:27', '2025-05-17 22:13:27'),
(6, 'Sofia', 'Hernández', 'sofia.hernandez@tecsup.edu.pe', '$2y$12$92IXUNpkjO0rOQ5byMi.Ye4oKoEa3Ro9llC/.og/at2.uheWG/igi', '777888999', 'Calle Sexta 303', NULL, NULL, '2025-05-17 22:13:27', '2025-05-17 22:13:27'),
(7, 'Diego', 'González', 'diego.gonzalez@tecsup.edu.pe', '$2y$12$92IXUNpkjO0rOQ5byMi.Ye4oKoEa3Ro9llC/.og/at2.uheWG/igi', '123789456', 'Av. Séptima 404', NULL, NULL, '2025-05-17 22:13:27', '2025-05-17 22:13:27'),
(8, 'Valentina', 'Díaz', 'valentina.diaz@tecsup.edu.pe', '$2y$12$92IXUNpkjO0rOQ5byMi.Ye4oKoEa3Ro9llC/.og/at2.uheWG/igi', '654321987', 'Jr. Octava 505', NULL, NULL, '2025-05-17 22:13:27', '2025-05-17 22:13:27'),
(9, 'Andrés', 'Torres', 'andres.torres@tecsup.edu.pe', '$2y$12$92IXUNpkjO0rOQ5byMi.Ye4oKoEa3Ro9llC/.og/at2.uheWG/igi', '987123654', 'Calle Novena 606', NULL, NULL, '2025-05-17 22:13:27', '2025-05-17 22:13:27'),
(10, 'Camila', 'Vargas', 'camila.vargas@tecsup.edu.pe', '$2y$12$92IXUNpkjO0rOQ5byMi.Ye4oKoEa3Ro9llC/.og/at2.uheWG/igi', '456789123', 'Av. Décima 707', NULL, NULL, '2025-05-17 22:13:27', '2025-05-17 22:13:27'),
(11, 'Gabriel', 'Morales', 'gabriel.morales@tecsup.edu.pe', '$2y$12$92IXUNpkjO0rOQ5byMi.Ye4oKoEa3Ro9llC/.og/at2.uheWG/igi', '789456123', 'Jr. Undécima 808', NULL, NULL, '2025-05-17 22:13:27', '2025-05-17 22:13:27'),
(12, 'Isabella', 'Castro', 'isabella.castro@tecsup.edu.pe', '$2y$12$92IXUNpkjO0rOQ5byMi.Ye4oKoEa3Ro9llC/.og/at2.uheWG/igi', '321654987', 'Calle Duodécima 909', NULL, NULL, '2025-05-17 22:13:27', '2025-05-17 22:13:27'),
(13, 'Sebastián', 'Ruiz', 'sebastian.ruiz@tecsup.edu.pe', '$2y$12$92IXUNpkjO0rOQ5byMi.Ye4oKoEa3Ro9llC/.og/at2.uheWG/igi', '159753486', 'Av. Decimotercera 1010', NULL, NULL, '2025-05-17 22:13:27', '2025-05-17 22:13:27');
